{
  "minX": -4.273970127105713,
  "maxX": 100.60225677490234,
  "minY": -107.93759155273438,
  "maxY": 11.53097152709961,
  "resolution": 0.08,
  "scalePercentile": 95.0,
  "minOpacity": 0.08,
  "gaussiansRendered": 319456
}
