{
  "session_dir": "outputs/live_demo_kitti0056/session",
  "round_index": 6,
  "median_neighbor_spacing": 0.15822404326217032,
  "results": [
    {
      "query": "outputs/live_demo_kitti0056/session/keyframes/kf_000001.jpg",
      "seed_keyframe": "kf_000000.jpg",
      "seed_distance": 0.10170324146747589,
      "qvec": [
        0.9865572219528614,
        0.02294156724286817,
        -0.10063548756381077,
        -0.12669271595137135
      ],
      "tvec": [
        -0.15590006113052368,
        0.03749691694974899,
        0.0610482394695282
      ],
      "center": [
        0.1455169916152954,
        -0.002321939915418625,
        -0.09086886048316956
      ],
      "refine_loss": 0.3300243020057678,
      "refine_iterations": 180,
      "gt_center": [
        0.000948123534547671,
        0.0029925761690217313,
        -0.16880485430349762
      ],
      "translation_error": 0.16432413344400337,
      "relative_translation_error": 1.0385534970290544
    },
    {
      "query": "outputs/live_demo_kitti0056/session/keyframes/kf_000004.jpg",
      "seed_keyframe": "kf_000003.jpg",
      "seed_distance": 0.1430874764919281,
      "qvec": [
        0.9973761886109592,
        0.0009226629997633555,
        0.0413716324938863,
        -0.05939920352780079
      ],
      "tvec": [
        0.08497670292854309,
        0.09444103389978409,
        -0.0012856153771281242
      ],
      "center": [
        -0.07300960272550583,
        -0.1038535013794899,
        -0.005084289237856865
      ],
      "refine_loss": 0.3309828042984009,
      "refine_iterations": 180,
      "gt_center": [
        -0.0026583976435800892,
        -0.0018724471289978662,
        0.09786483688524103
      ],
      "translation_error": 0.1610836740704361,
      "relative_translation_error": 1.0180733013093812
    },
    {
      "query": "outputs/live_demo_kitti0056/session/keyframes/kf_000007.jpg",
      "seed_keyframe": "kf_000008.jpg",
      "seed_distance": 0.17169404029846191,
      "qvec": [
        0.9992730359325207,
        -0.0013838640462086077,
        0.037125478590671286,
        0.008556884957889019
      ],
      "tvec": [
        0.045982278883457184,
        0.02882038988173008,
        -0.3841496407985687
      ],
      "center": [
        -0.07485054433345795,
        -0.02884335070848465,
        0.379580557346344
      ],
      "refine_loss": 0.3528316617012024,
      "refine_iterations": 180,
      "gt_center": [
        -0.018307006506916156,
        -0.005230836782285534,
        0.3240366689027201
      ],
      "translation_error": 0.08270336164445945,
      "relative_translation_error": 0.5226978146894122
    },
    {
      "query": "outputs/live_demo_kitti0056/session/keyframes/kf_000011.jpg",
      "seed_keyframe": "kf_000010.jpg",
      "seed_distance": 0.15204408764839172,
      "qvec": [
        0.9795994039104575,
        0.0772243717669097,
        0.07806431952057033,
        -0.16830724258686883
      ],
      "tvec": [
        -0.027495866641402245,
        0.13725200295448303,
        -0.540818452835083
      ],
      "center": [
        -0.027566544711589813,
        -0.050827495753765106,
        0.5556396245956421
      ],
      "refine_loss": 0.34850436449050903,
      "refine_iterations": 180,
      "gt_center": [
        -0.045162988600758125,
        -0.013754107030269316,
        0.6193239504087371
      ],
      "translation_error": 0.07576123245602935,
      "relative_translation_error": 0.4788225031672102
    },
    {
      "query": "outputs/live_demo_kitti0056/session/keyframes/kf_000014.jpg",
      "seed_keyframe": "kf_000015.jpg",
      "seed_distance": 0.13475222885608673,
      "qvec": [
        0.9993380799669609,
        0.00939679946637044,
        0.01031998240735763,
        -0.03359395663617755
      ],
      "tvec": [
        -0.004942834377288818,
        0.04738660156726837,
        -0.9547269940376282
      ],
      "center": [
        -0.012192122638225555,
        -0.02966955117881298,
        0.9553766846656799
      ],
      "refine_loss": 0.33512231707572937,
      "refine_iterations": 180,
      "gt_center": [
        -0.06400477207547026,
        -0.01835300213488837,
        0.834191818867678
      ],
      "translation_error": 0.13228146741872082,
      "relative_translation_error": 0.8360389779670604
    },
    {
      "query": "outputs/live_demo_kitti0056/session/keyframes/kf_000017.jpg",
      "seed_keyframe": "kf_000018.jpg",
      "seed_distance": 0.14491519331932068,
      "qvec": [
        0.9986921042513982,
        0.049255471252903804,
        0.0037205731109232593,
        -0.013196422994043215
      ],
      "tvec": [
        0.13964331150054932,
        0.06050892919301987,
        -1.1330143213272095
      ],
      "center": [
        -0.14791087806224823,
        0.04743087291717529,
        1.1325880289077759
      ],
      "refine_loss": 0.42444920539855957,
      "refine_iterations": 180,
      "gt_center": [
        -0.08987341407197563,
        -0.02058136230988368,
        1.0379271126620069
      ],
      "translation_error": 0.13021021630997887,
      "relative_translation_error": 0.8229483561750867
    },
    {
      "query": "outputs/live_demo_kitti0056/session/keyframes/kf_000021.jpg",
      "seed_keyframe": "kf_000020.jpg",
      "seed_distance": 0.09745519608259201,
      "qvec": [
        0.9836855093382455,
        0.05572507799942848,
        0.05556516120494508,
        -0.16177152178896748
      ],
      "tvec": [
        0.035742342472076416,
        0.05979175865650177,
        -1.2820097208023071
      ],
      "center": [
        -0.17825131118297577,
        0.04961376637220383,
        1.2704983949661255
      ],
      "refine_loss": 0.44308677315711975,
      "refine_iterations": 180,
      "gt_center": [
        -0.12384360533014081,
        -0.02139396444995571,
        1.3189931883907466
      ],
      "translation_error": 0.10175480962577423,
      "relative_translation_error": 0.6431058613334192
    },
    {
      "query": "outputs/live_demo_kitti0056/session/keyframes/kf_000024.jpg",
      "seed_keyframe": "kf_000023.jpg",
      "seed_distance": 0.12940794229507446,
      "qvec": [
        0.9992690991563217,
        0.002351249808482902,
        0.01278720552438453,
        -0.03594794115168975
      ],
      "tvec": [
        0.20150451362133026,
        0.054897721856832504,
        -1.6312174797058105
      ],
      "center": [
        -0.2389397770166397,
        -0.06307855993509293,
        1.625859022140503
      ],
      "refine_loss": 0.3563070595264435,
      "refine_iterations": 180,
      "gt_center": [
        -0.14989906785331175,
        -0.021941263737074047,
        1.5369018379796806
      ],
      "translation_error": 0.13241565481699794,
      "relative_translation_error": 0.8368870627177122
    },
    {
      "query": "outputs/live_demo_kitti0056/session/keyframes/kf_000027.jpg",
      "seed_keyframe": "kf_000028.jpg",
      "seed_distance": 0.1511623114347458,
      "qvec": [
        0.987303963046841,
        0.051427028067230554,
        0.1406779279151708,
        0.05287584813325985
      ],
      "tvec": [
        -0.30519819259643555,
        0.26918894052505493,
        -1.8212299346923828
      ],
      "center": [
        -0.2365923523902893,
        -0.0816722959280014,
        1.8492811918258667
      ],
      "refine_loss": 0.34123992919921875,
      "refine_iterations": 180,
      "gt_center": [
        -0.16033700134631332,
        -0.02574219490954049,
        1.6264151208985536
      ],
      "translation_error": 0.24209985612005933,
      "relative_translation_error": 1.5301078845451475
    },
    {
      "query": "outputs/live_demo_kitti0056/session/keyframes/kf_000031.jpg",
      "seed_keyframe": "kf_000023.jpg",
      "seed_distance": 0.19564855098724365,
      "qvec": [
        0.9931964400123555,
        0.02169095559058723,
        0.08887366751445192,
        0.07205428910814682
      ],